filename,pred_color,pred_char,true_color,true_char
00015_5.png,r,P,r,D
00020_4.png,u,Q,u,O
00070_2.png,r,F,r,E
00287_3.png,u,0,u,O
00316_1.png,u,0,u,O
00368_3.png,r,F,r,2
00384_2.png,u,Q,u,0
00397_3.png,r,8,r,0
00480_2.png,r,7,r,I
00554_2.png,u,P,u,F
00650_3.png,r,H,u,H
00653_2.png,r,O,r,G
00672_5.png,r,6,r,0
00691_1.png,u,L,u,U
00786_5.png,u,2,u,3
00801_1.png,u,0,u,9
00820_1.png,u,Q,u,9
00846_1.png,u,J,u,I
00846_4.png,u,A,u,4
00854_5.png,r,H,r,8
00881_3.png,u,H,u,K
00888_1.png,u,W,u,M
00923_3.png,u,Y,u,V
00939_4.png,u,J,u,I
00942_3.png,u,O,u,0
00957_2.png,u,O,u,0
01020_4.png,u,8,u,9
01032_3.png,r,V,r,Y
01036_4.png,u,T,u,I
01097_4.png,u,M,u,N
01182_2.png,r,O,r,0
01233_3.png,r,I,r,J
01256_1.png,u,I,u,A
01306_5.png,r,7,u,7
01316_5.png,u,F,u,E
01323_3.png,r,L,r,E
01332_5.png,u,4,u,A
01414_5.png,r,0,r,O
01506_5.png,r,J,u,J
01526_5.png,r,W,r,H
01552_4.png,u,O,u,C
01592_4.png,u,3,u,2
01653_5.png,r,4,r,6
01676_3.png,u,7,u,Z
01822_5.png,r,1,r,7
01834_4.png,r,P,r,D
01868_5.png,r,B,r,R
01910_2.png,u,0,u,O
01917_3.png,u,B,u,D
01985_1.png,u,6,u,G
01996_5.png,u,T,u,7
02011_2.png,u,I,u,1
02104_4.png,u,J,u,X
02106_4.png,u,D,u,O
02153_2.png,r,I,r,J
02183_4.png,u,T,u,2
02230_1.png,r,4,r,H
02250_1.png,u,L,u,E
02319_1.png,r,L,r,I
02346_2.png,r,O,r,0
02371_4.png,u,R,u,P
02391_3.png,r,R,r,B
02638_4.png,r,3,r,2
02645_4.png,r,H,r,E
02668_3.png,u,R,u,B
02855_5.png,u,2,u,9
02865_2.png,r,I,r,1
02870_4.png,r,7,u,7
02924_4.png,u,E,u,F
02973_4.png,r,O,r,G
02986_5.png,r,0,r,O
03059_3.png,u,A,u,K
03060_1.png,u,I,r,I
03093_1.png,r,Q,r,O
03154_3.png,u,4,u,3
03221_4.png,u,8,u,S
03271_2.png,u,8,u,6
03287_5.png,u,V,u,L
03383_3.png,u,N,u,W
03439_2.png,r,Y,r,J
03441_5.png,u,9,u,O
03459_1.png,r,C,u,C
03506_2.png,u,B,u,9
03519_2.png,u,F,u,E
03542_5.png,r,V,u,V
03560_5.png,r,C,r,O
03599_4.png,u,R,u,K
03635_1.png,u,T,u,F
03658_4.png,r,O,r,0
03671_1.png,u,7,u,1
03708_4.png,u,I,u,1
03725_5.png,u,P,u,R
03756_1.png,r,0,r,O
03766_2.png,r,I,r,Y
03775_1.png,u,1,u,3
03805_1.png,u,C,u,Y
03875_3.png,u,L,u,J
03908_5.png,u,1,u,3
03927_4.png,u,P,u,F
03999_1.png,r,7,r,T
04023_2.png,u,G,u,Q
04103_4.png,u,1,u,I
04141_2.png,u,7,u,Z
04173_5.png,u,O,u,C
04193_5.png,r,D,u,D
04215_5.png,u,8,u,S
04222_2.png,u,B,u,D
04239_1.png,r,P,u,P
04267_5.png,u,0,u,O
04316_1.png,u,0,u,O
04320_3.png,u,G,u,6
04338_4.png,r,O,r,0
04343_4.png,r,I,r,1
04417_5.png,r,O,r,6
04419_2.png,u,D,u,2
04471_1.png,u,J,u,I
04606_3.png,u,O,u,Q
04658_4.png,u,4,u,3
04770_3.png,u,5,u,J
04784_3.png,u,Q,u,O
04813_3.png,r,O,r,G
04826_1.png,u,I,u,L
04847_5.png,r,Q,r,9
04859_1.png,u,0,u,O
04869_5.png,r,I,r,4
04892_1.png,u,O,u,Q
04928_2.png,r,I,r,J
04938_3.png,u,7,u,Z
04985_2.png,u,E,u,L
04995_1.png,u,Y,u,V
05030_5.png,u,S,u,5
05041_5.png,r,Z,r,L
05052_4.png,u,O,u,0
05056_1.png,u,9,u,O
05063_5.png,u,V,u,U
05071_4.png,u,J,u,I
05086_3.png,u,L,u,E
05116_4.png,r,I,r,1
05234_5.png,u,I,u,J
05283_5.png,u,X,u,K
05302_5.png,r,K,r,W
05403_5.png,u,0,u,6
05448_3.png,u,V,u,T
05451_4.png,u,I,u,T
05454_1.png,u,5,u,S
05454_4.png,u,9,r,O
05521_1.png,u,H,u,N
05554_2.png,u,B,u,D
05650_4.png,r,9,r,8
05654_4.png,u,8,u,S
05701_4.png,u,T,u,I
05717_4.png,u,V,u,J
05828_4.png,u,O,u,9
05929_4.png,u,Y,r,7
05938_3.png,r,0,r,O
06014_1.png,u,0,u,O
06014_2.png,u,E,u,F
06032_2.png,u,B,u,6
06048_2.png,u,G,u,3
06058_1.png,u,3,u,9
06073_3.png,u,D,u,N
06075_1.png,u,5,u,S
06085_1.png,u,U,u,0
06175_1.png,u,5,u,J
06292_3.png,u,W,u,N
06303_3.png,u,U,u,W
06307_3.png,u,U,u,D
06398_1.png,r,K,r,R
06486_1.png,r,7,r,Z
06513_1.png,u,I,u,L
06543_4.png,u,O,u,0
06617_1.png,r,0,r,O
06627_1.png,u,9,u,Q
06666_5.png,r,I,r,T
06699_1.png,r,9,r,0
06705_1.png,r,3,r,5
06705_3.png,u,5,u,S
06848_1.png,r,Q,r,0
06860_5.png,r,4,u,4
06886_3.png,u,U,u,0
06915_5.png,r,1,r,7
06932_5.png,r,0,r,O
06953_4.png,r,I,r,T
06999_1.png,u,Q,u,9
07145_5.png,r,F,r,E
07302_4.png,u,F,u,E
07382_5.png,u,B,u,E
07417_1.png,u,I,u,L
07480_3.png,r,8,r,S
07535_2.png,u,R,u,H
07545_5.png,u,X,u,Y
07617_3.png,u,U,u,J
07631_2.png,u,S,r,S
07713_2.png,u,4,u,J
07721_1.png,u,W,u,N
07756_2.png,u,F,u,E
07843_5.png,u,E,u,5
07998_5.png,r,L,r,D
08063_5.png,u,1,u,T
08075_1.png,r,0,r,O
08091_3.png,u,0,u,O
08095_2.png,u,3,u,B
08191_2.png,u,1,u,I
08192_3.png,u,4,u,M
08290_3.png,r,H,r,B
08300_4.png,u,5,u,S
08309_3.png,u,9,u,C
08316_2.png,r,W,r,N
08330_2.png,u,S,u,6
08373_5.png,u,6,u,8
08382_2.png,r,T,r,I
08410_5.png,r,T,r,I
08419_2.png,u,9,u,S
08531_1.png,r,1,r,J
08576_1.png,r,0,r,O
08662_3.png,r,3,r,5
08771_2.png,u,A,u,K
08816_5.png,u,Y,u,T
08853_3.png,u,5,u,S
08907_2.png,u,5,u,S
08908_4.png,r,O,r,0
08927_2.png,r,O,r,Q
08986_3.png,u,I,u,1
09010_5.png,u,O,u,2
09016_3.png,u,L,u,E
09049_2.png,r,I,r,L
09123_2.png,r,O,r,0
09201_5.png,r,8,r,9
09243_4.png,r,M,r,X
09270_3.png,u,U,u,W
09320_5.png,u,F,u,E
09321_4.png,u,I,u,L
09323_1.png,u,M,u,N
09366_1.png,r,P,r,B
09442_4.png,r,A,r,4
09483_3.png,r,0,r,O
09544_4.png,u,1,u,L
09619_4.png,u,5,u,4
09620_1.png,r,1,r,L
09649_3.png,r,L,u,R
09707_2.png,u,G,u,S
09755_1.png,u,9,u,S
09759_5.png,r,Q,r,O
09798_3.png,u,L,u,J
09812_5.png,u,5,u,I
09843_1.png,u,Q,u,O
09926_5.png,u,F,u,E
09946_1.png,u,6,u,G
09955_3.png,u,2,u,Z
09964_4.png,r,O,r,9
09986_4.png,r,1,r,I
10016_3.png,r,0,r,O
10018_1.png,r,F,u,F
10018_2.png,u,I,u,1
10026_3.png,r,8,r,S
10115_1.png,u,6,u,8
10119_3.png,u,Y,u,V
10124_4.png,u,I,u,Y
10204_3.png,u,8,u,S
10211_5.png,r,0,r,O
10226_4.png,u,K,u,X
10360_4.png,u,F,u,E
10383_3.png,u,3,u,S
10413_1.png,u,9,u,S
10468_2.png,u,I,u,7
10557_5.png,u,I,u,1
10583_2.png,u,J,u,2
10622_3.png,r,I,r,T
10628_4.png,r,I,r,J
10628_5.png,u,5,u,S
10649_3.png,u,0,u,U
10687_1.png,u,0,u,O
10729_4.png,u,C,u,G
10735_3.png,r,F,r,E
10756_1.png,u,D,u,0
10836_3.png,r,J,r,S
10870_3.png,u,I,u,1
10873_4.png,r,P,r,R
10916_4.png,u,O,u,0
10941_2.png,u,B,u,D
10948_1.png,r,M,r,N
11005_2.png,u,T,u,Y
11011_2.png,u,5,u,6
11018_3.png,u,1,u,I
11033_4.png,u,F,u,E
11054_3.png,u,V,u,U
11057_3.png,u,I,u,T
11123_3.png,u,7,u,A
11144_5.png,r,Z,r,8
11201_4.png,u,V,u,W
11217_1.png,u,0,u,Q
11282_5.png,u,4,u,1
11416_3.png,r,O,r,Q
11438_1.png,r,F,r,P
11464_4.png,u,I,u,L
11629_5.png,u,J,u,3
11632_1.png,u,8,u,9
11670_5.png,u,T,u,K
11706_3.png,r,6,r,O
11713_2.png,u,G,u,6
11720_3.png,u,5,u,6
11723_1.png,u,0,u,O
11740_1.png,u,V,u,Y
11743_1.png,u,0,u,O
11778_1.png,r,1,r,I
11841_1.png,u,F,u,T
11908_2.png,r,Y,r,T
11915_3.png,r,1,r,4
11932_3.png,r,T,r,I
11937_4.png,u,X,r,X
11962_3.png,u,6,u,P
11991_4.png,r,K,r,E
12057_4.png,u,O,u,9
12070_1.png,u,9,u,8
12101_3.png,u,1,u,T
12159_1.png,u,A,u,G
12163_4.png,u,Y,u,X
12190_4.png,u,1,u,4
12206_1.png,u,J,u,T
12249_3.png,r,D,u,C
12332_5.png,u,L,u,Z
12338_1.png,r,O,r,Q
12347_2.png,u,K,u,W
12422_4.png,u,T,u,F
12429_2.png,r,H,r,R
12492_5.png,u,S,u,3
12519_1.png,r,1,r,T
12647_2.png,u,X,u,F
12669_2.png,u,L,u,I
12672_3.png,u,F,u,E
12695_1.png,u,4,u,J
12732_5.png,r,5,r,S
12788_2.png,r,I,u,J
12798_3.png,r,X,r,N
12800_1.png,u,V,u,9
12828_1.png,u,X,u,K
12851_3.png,r,6,r,5
12857_3.png,u,I,u,1
12871_3.png,u,Q,u,O
12892_2.png,u,O,u,0
12906_3.png,u,1,u,I
12955_5.png,r,P,r,R
12988_5.png,u,8,u,6
12990_1.png,u,I,u,X
12994_5.png,u,W,u,N
13071_3.png,u,K,u,R
13110_1.png,u,4,u,5
13133_3.png,u,I,u,Y
13144_1.png,u,0,u,O
13155_5.png,u,E,u,F
13196_3.png,r,I,r,T
13197_3.png,r,6,r,5
13230_5.png,u,S,u,5
13284_1.png,u,O,u,0
13285_2.png,u,7,u,I
13326_5.png,r,1,r,I
13408_5.png,u,V,u,N
13455_2.png,u,0,u,O
13456_4.png,u,G,u,Q
13566_3.png,u,0,u,8
13590_5.png,r,T,r,I
13710_5.png,u,4,u,5
13731_3.png,u,P,u,T
13741_1.png,r,N,r,H
13761_5.png,u,R,u,P
13780_4.png,r,Q,r,O
13808_2.png,r,3,r,8
13851_2.png,u,W,r,W
13882_4.png,u,J,u,Y
13918_5.png,u,7,u,I
13995_4.png,u,2,u,7
14038_4.png,u,J,u,Z
14047_3.png,r,V,u,V
14178_3.png,u,Z,u,2
14259_1.png,u,A,u,3
14338_4.png,u,J,u,1
14443_4.png,u,I,u,1
14483_3.png,r,U,u,U
14597_5.png,u,A,u,M
14657_3.png,u,1,u,2
14677_4.png,r,8,r,P
14696_2.png,u,T,u,1
14698_3.png,r,O,r,Q
14779_5.png,u,9,u,0
14915_5.png,r,3,r,8
14916_4.png,u,O,u,0
14944_5.png,u,W,u,H
14951_2.png,u,R,u,B
14977_4.png,u,O,u,0
15038_3.png,r,0,r,O
15075_3.png,r,I,r,1
15082_1.png,r,0,r,O
15276_1.png,u,P,u,D
15298_3.png,u,O,u,Q
15318_5.png,r,O,r,Q
15323_3.png,r,0,r,O
15324_4.png,r,A,u,A
15338_1.png,u,1,u,V
15357_2.png,u,7,u,Z
15451_4.png,u,A,u,N
15483_5.png,u,I,u,7
15554_2.png,r,W,r,K
15576_1.png,u,0,u,6
15645_5.png,r,U,r,0
15655_3.png,u,J,u,I
15663_3.png,r,N,r,V
15666_3.png,r,7,r,Z
15715_5.png,u,4,r,4
15769_1.png,r,I,r,J
15772_5.png,r,I,r,T
15843_5.png,u,1,u,A
15851_1.png,r,K,r,M
15877_4.png,u,I,u,J
15880_5.png,r,5,r,2
15922_1.png,r,0,r,O
15967_3.png,u,1,u,J
16110_5.png,u,8,u,5
16148_3.png,r,F,r,E
16184_3.png,u,9,u,8
16217_3.png,r,1,r,2
16238_2.png,u,U,u,B
16306_3.png,u,S,u,3
16318_4.png,r,T,u,T
16393_4.png,u,P,u,F
16394_2.png,u,N,r,N
16420_3.png,r,I,r,1
16438_4.png,r,6,r,0
16440_5.png,u,U,u,D
16444_1.png,r,B,r,D
16451_4.png,u,V,u,L
16452_3.png,r,6,r,8
16457_5.png,r,A,r,Y
16533_2.png,r,O,r,0
16590_2.png,u,F,u,T
16630_4.png,r,L,r,J
16689_4.png,u,D,u,0
16789_4.png,u,D,u,O
16927_5.png,r,0,r,9
17017_1.png,u,H,u,N
17028_1.png,u,6,r,6
17040_3.png,r,F,r,E
17170_3.png,r,O,r,Q
17178_3.png,r,1,r,T
17182_2.png,u,Q,u,O
17236_2.png,r,F,u,F
17294_2.png,u,6,u,O
17319_3.png,u,O,u,G
17500_1.png,u,V,u,U
17545_2.png,u,6,u,C
17546_3.png,u,4,u,A
17565_2.png,u,L,u,K
17666_4.png,u,T,r,T
17735_4.png,r,O,r,0
17738_1.png,r,0,r,O
17790_1.png,r,0,r,O
17841_1.png,r,T,r,F
17857_4.png,r,T,r,I
17910_5.png,r,8,r,B
17930_5.png,u,V,u,I
17947_3.png,r,R,r,B
18075_2.png,r,4,r,1
18092_2.png,u,O,u,0
18168_4.png,u,F,u,P
18176_4.png,r,O,r,G
18180_4.png,u,T,u,I
18245_1.png,u,0,u,O
18272_1.png,r,6,r,S
18273_2.png,u,K,u,Y
18321_3.png,u,1,u,Z
18329_2.png,u,F,u,E
18445_4.png,u,B,u,S
18476_5.png,u,1,u,3
18490_5.png,u,F,u,E
18579_4.png,u,O,u,Q
18685_2.png,u,R,u,B
18799_4.png,r,5,r,6
18822_3.png,u,S,u,5
18844_2.png,r,G,u,G
18874_3.png,u,L,u,U
18917_1.png,u,Y,u,I
19007_3.png,u,F,u,E
19180_5.png,r,5,r,B
19184_5.png,u,8,u,S
19234_1.png,u,7,u,3
19236_3.png,r,Z,r,E
19264_2.png,u,7,u,Z
19283_3.png,r,2,r,T
19296_3.png,r,I,r,L
19431_4.png,u,N,r,N
19438_5.png,u,L,u,I
19454_2.png,r,1,r,I
19507_5.png,u,3,u,Z
19514_3.png,u,M,u,N
19570_3.png,u,5,u,3
19578_4.png,u,O,u,0
19586_2.png,u,Z,u,7
19624_3.png,u,0,u,O
19627_3.png,u,0,u,U
19627_5.png,u,I,u,6
19660_2.png,r,0,r,C
19685_3.png,r,6,r,O
19688_1.png,u,0,u,O
19710_5.png,u,1,u,L
19741_2.png,r,G,r,6
19743_3.png,u,D,u,Z
19804_1.png,r,O,r,Q
19836_3.png,u,0,u,C
19869_1.png,u,4,u,D
19899_3.png,u,F,u,E
19950_3.png,u,1,u,Z
19979_2.png,r,E,r,B
20047_2.png,u,O,u,Q
20070_1.png,u,P,u,Y
20134_2.png,u,J,u,I
20140_5.png,r,6,r,5
20290_1.png,u,I,u,T
20386_3.png,u,F,u,E
20413_3.png,r,O,r,0
20448_4.png,r,E,r,S
20465_1.png,u,1,u,I
20548_2.png,r,N,r,7
20599_5.png,u,I,u,4
20659_2.png,u,7,u,5
20718_2.png,u,B,u,A
20743_3.png,r,O,r,Q
20786_3.png,r,C,r,S
20874_4.png,u,Y,u,V
20906_4.png,u,O,u,0
20998_3.png,r,5,r,3
21017_3.png,r,6,r,G
21119_2.png,u,O,u,U
21192_1.png,r,0,r,9
21237_2.png,r,1,r,2
21258_5.png,u,C,u,G
21296_2.png,u,N,u,W
21331_5.png,u,0,u,O
21342_2.png,u,S,u,5
21527_5.png,r,G,u,G
21530_4.png,r,F,r,T
21571_5.png,r,C,r,G
21575_2.png,r,F,r,E
21602_5.png,u,J,u,L
21631_3.png,r,0,r,O
21646_2.png,u,K,u,X
21683_5.png,u,T,u,I
21701_1.png,u,I,u,1
21717_3.png,u,8,u,S
21721_4.png,u,2,u,L
21732_4.png,u,2,u,Z
21777_2.png,r,M,r,X
21798_5.png,r,3,r,S
21817_5.png,u,1,u,R
21938_4.png,r,V,r,N
21997_1.png,r,O,r,Q
22016_1.png,u,1,u,N
22025_4.png,u,E,u,L
22054_5.png,u,B,u,E
22065_3.png,u,0,u,O
22104_1.png,r,0,r,O
22115_4.png,r,0,r,O
22123_5.png,u,I,u,1
22184_1.png,r,1,r,I
22214_2.png,u,H,r,H
22337_4.png,r,A,r,3
22373_3.png,u,0,u,O
22376_4.png,u,V,u,K
22410_1.png,r,V,r,U
22464_1.png,u,O,u,9
22498_4.png,r,O,r,0
22507_3.png,u,I,u,1
22596_4.png,u,0,u,O
22614_4.png,u,M,u,W
22723_5.png,u,1,u,B
22745_1.png,u,5,u,J
22876_3.png,r,O,r,6
22908_5.png,u,H,u,F
22967_4.png,u,O,u,Q
22998_2.png,u,H,u,K
23120_4.png,r,1,r,I
23128_3.png,r,L,r,I
23129_5.png,r,2,r,Z
23262_3.png,u,G,u,S
23289_1.png,u,F,u,E
23357_2.png,u,M,u,W
23418_2.png,u,B,u,3
23422_2.png,r,W,r,V
23423_2.png,u,1,u,T
23436_3.png,r,A,r,4
23465_2.png,u,G,u,C
23496_4.png,u,I,u,1
23589_3.png,r,G,r,C
23630_4.png,u,Y,u,K
23633_3.png,r,I,r,7
23665_2.png,r,O,r,0
23686_5.png,u,Z,u,T
23761_1.png,u,0,u,9
23785_1.png,u,F,u,E
23790_2.png,r,X,r,N
23819_5.png,r,F,r,E
23913_1.png,u,0,u,O
23919_2.png,u,B,u,D
24007_1.png,r,I,r,1
24052_4.png,u,Y,u,P
24056_2.png,u,8,u,S
24073_1.png,u,K,u,F
24226_3.png,u,L,u,1
24239_4.png,u,0,u,O
24274_5.png,u,I,u,R
24279_2.png,u,1,u,I
24300_3.png,u,6,u,O
24312_3.png,r,1,r,I
24387_2.png,u,O,u,0
24435_5.png,u,5,u,F
24448_3.png,r,O,r,0
24467_2.png,u,1,u,I
24563_5.png,u,0,u,O
24575_2.png,u,0,u,O
24590_4.png,u,7,u,T
24627_2.png,u,4,u,3
24652_5.png,r,D,r,P
24681_1.png,u,C,u,G
24748_3.png,u,5,u,S
24750_4.png,u,I,u,5
24913_1.png,r,0,r,O
24936_2.png,u,3,u,J
24987_2.png,r,4,r,3
25052_3.png,r,5,r,S
25069_3.png,u,3,u,J
25110_4.png,u,N,u,W
25116_4.png,u,O,u,P
25129_2.png,u,I,u,J
25160_2.png,u,Y,u,K
25200_2.png,r,Q,r,2
25260_3.png,u,N,u,W
25302_2.png,u,Z,u,7
25315_3.png,r,R,r,F
25341_2.png,r,6,r,8
25367_1.png,r,0,r,O
25411_2.png,u,O,u,0
25434_1.png,u,S,u,8
25503_2.png,u,O,u,0
25524_1.png,r,0,r,O
25563_1.png,r,I,u,I
25632_4.png,u,O,u,C
25669_1.png,u,P,u,W
25670_4.png,u,M,u,W
25765_2.png,u,J,u,L
25795_4.png,r,8,r,3
25805_4.png,r,O,r,0
25888_4.png,u,7,u,T
25955_3.png,u,B,u,E
25980_3.png,r,0,r,O
26033_2.png,u,9,u,S
26064_1.png,r,L,r,Z
26084_5.png,u,8,u,Q
26098_3.png,r,5,r,8
26102_5.png,u,J,u,1
26148_1.png,u,S,u,5
26154_4.png,u,N,u,H
26163_5.png,u,I,r,I
26175_1.png,u,7,u,1
26288_3.png,r,0,r,O
26299_3.png,r,T,r,F
26321_5.png,u,Y,u,V
26323_1.png,u,P,u,R
26405_4.png,u,H,r,H
26429_1.png,r,1,r,L
26458_3.png,r,Z,r,E
26486_2.png,u,4,u,1
26490_5.png,r,0,r,O
26493_5.png,r,3,r,S
26518_3.png,r,5,r,3
26518_5.png,u,I,u,1
26570_1.png,u,O,u,0
26595_2.png,u,O,u,0
26609_3.png,r,C,r,G
26635_4.png,u,I,u,1
26636_1.png,r,V,r,M
26692_2.png,u,F,u,E
26777_5.png,u,2,u,Z
26925_1.png,r,T,r,I
26933_2.png,r,F,u,F
26941_1.png,r,A,r,4
26971_2.png,r,F,r,P
27010_3.png,u,I,u,L
27025_3.png,u,9,u,D
27080_5.png,r,4,r,Y
27145_5.png,r,O,r,Q
27189_4.png,u,Y,u,V
27254_5.png,r,1,r,Y
27328_1.png,u,K,u,A
27365_5.png,u,V,u,W
27374_4.png,u,K,r,K
27474_5.png,u,1,u,7
27490_3.png,u,C,r,C
27525_4.png,u,O,u,6
27574_3.png,r,E,r,F
27619_3.png,u,I,u,T
27695_5.png,u,V,u,5
27752_1.png,r,I,r,L
27794_1.png,u,4,u,Z
27936_3.png,u,T,u,I
28013_5.png,r,0,r,O
28045_4.png,r,6,u,6
28071_2.png,u,C,u,E
28079_3.png,r,B,r,D
28080_2.png,u,3,u,J
28080_3.png,r,6,r,8
28101_5.png,r,9,r,S
28113_2.png,r,0,r,O
28141_4.png,r,0,r,O
28188_1.png,u,3,u,J
28232_5.png,u,A,u,F
28386_5.png,u,N,u,W
28449_1.png,r,0,r,O
28475_3.png,u,E,u,S
28495_4.png,r,L,r,I
28502_1.png,u,0,u,M
28509_1.png,r,S,r,5
28552_4.png,u,7,u,C
28555_2.png,u,R,u,K
28622_4.png,r,G,u,G
28658_3.png,r,Z,r,3
28703_4.png,u,I,u,1
28743_5.png,u,0,u,8
28813_5.png,u,4,u,A
28841_3.png,r,D,r,B
28861_3.png,r,3,r,2
28886_3.png,u,B,u,R
28897_1.png,u,0,u,O
28918_1.png,r,C,r,G
28947_1.png,u,Q,u,O
28991_1.png,u,I,u,1
28993_3.png,u,I,u,1
29002_2.png,u,3,u,A
29038_1.png,u,Q,u,O
29043_1.png,u,I,u,J
29134_2.png,u,9,u,S
29151_4.png,u,U,u,V
29179_4.png,r,K,r,R
29187_5.png,u,I,u,L
29199_3.png,u,1,u,T
29225_1.png,r,A,r,H
29250_5.png,u,5,u,3
29256_1.png,r,B,r,D
29328_1.png,u,3,u,8
29338_5.png,u,X,u,N
29360_5.png,r,L,r,I
29362_1.png,r,9,r,S
29394_5.png,u,R,u,P
29464_5.png,r,F,r,E
29523_3.png,r,0,r,6
29580_2.png,u,Q,u,O
29610_2.png,r,7,r,Z
29619_2.png,u,B,u,P
29729_1.png,r,1,r,I
29742_1.png,r,N,r,M
29763_3.png,u,I,u,L
29804_1.png,u,0,u,O
29810_2.png,u,0,u,O
29843_3.png,r,C,r,O
29867_1.png,u,I,u,V
29876_1.png,u,I,u,L
30057_5.png,u,5,u,S
30066_3.png,r,Q,r,C
30069_2.png,u,5,u,7
30086_2.png,r,C,r,G
30117_3.png,u,Y,u,I
30237_3.png,u,O,u,0
30254_3.png,r,D,u,D
30270_3.png,r,F,u,F
30286_3.png,u,B,u,R
30295_1.png,u,M,u,N
30422_4.png,u,5,u,S
30439_3.png,u,4,u,A
30456_4.png,u,0,u,6
30465_2.png,u,I,u,1
30481_3.png,r,I,r,1
30484_3.png,r,O,r,0
30562_1.png,u,9,u,J
30572_5.png,u,H,u,W
30618_5.png,u,U,u,0
30641_2.png,u,B,u,D
30646_1.png,r,7,r,Z
30662_3.png,u,0,u,G
30794_1.png,r,1,r,2
30972_2.png,u,L,u,J
31045_1.png,r,I,r,L
31056_3.png,u,O,u,Q
31066_4.png,u,I,u,N
31217_1.png,u,I,u,L
31243_3.png,u,Q,u,0
31271_1.png,u,0,u,O
31304_2.png,r,Q,r,C
31354_5.png,u,H,u,P
31488_4.png,u,B,u,8
31561_3.png,u,6,u,G
31622_2.png,u,L,u,E
31623_3.png,u,7,u,Z
31669_5.png,u,O,u,Q
31690_1.png,u,J,u,3
31698_5.png,u,0,u,U
31757_2.png,u,C,u,G
31759_4.png,r,U,r,O
31799_5.png,u,A,u,9
31811_4.png,u,X,u,M
31814_1.png,r,G,r,6
31840_2.png,r,I,r,T
31853_1.png,r,9,u,9
31859_5.png,u,7,u,Z
31867_3.png,r,0,r,O
31873_1.png,r,1,r,L
31873_2.png,u,F,u,X
31879_5.png,r,V,u,V
31999_3.png,u,Q,u,G
32031_1.png,u,I,u,C
32033_3.png,u,0,u,O
32057_5.png,u,7,u,4
32069_5.png,u,1,u,3
32220_2.png,u,T,u,I
32227_2.png,u,5,u,8
32228_3.png,r,F,r,E
32264_5.png,u,I,r,I
32347_1.png,u,1,u,2
32393_4.png,u,5,u,S
32397_5.png,u,0,u,O
32399_1.png,r,W,u,W
32403_4.png,u,X,u,Y
32415_4.png,r,1,r,I
32428_5.png,u,6,u,G
32461_1.png,r,W,r,V
32466_2.png,r,F,r,Y
32651_5.png,u,7,u,Z
32715_2.png,r,I,r,J
32746_5.png,r,2,r,3
32749_3.png,r,2,u,2
32758_2.png,u,6,u,1
32770_1.png,u,4,u,C
32823_4.png,u,S,u,5
32828_3.png,u,K,u,F
32861_5.png,u,Y,u,I
32877_5.png,r,F,r,E
32946_5.png,r,F,r,B
32958_5.png,r,0,r,O
33030_4.png,u,P,u,F
33093_1.png,u,G,u,C
33104_2.png,r,I,u,1
33122_2.png,u,7,u,Z
33125_3.png,r,3,u,3
33138_2.png,u,T,u,L
33208_4.png,u,F,u,E
33317_2.png,r,X,r,K
33356_1.png,r,7,r,3
33419_1.png,r,5,r,F
33643_3.png,u,E,u,F
33652_1.png,u,1,u,I
33658_5.png,r,C,u,C
33733_3.png,r,5,r,J
33764_1.png,r,0,r,M
33789_2.png,u,I,u,J
33803_3.png,u,8,u,S
33831_2.png,r,0,r,Q
33869_1.png,u,Y,r,K
33941_5.png,u,1,u,I
33949_1.png,r,L,u,L
33955_5.png,u,0,u,8
34045_3.png,r,0,r,O
34139_4.png,r,0,r,O
34192_3.png,u,J,u,5
34197_3.png,r,F,r,E
34219_1.png,u,G,u,6
34286_1.png,u,U,u,J
34289_1.png,u,1,u,7
34294_4.png,u,O,u,0
34321_3.png,u,I,u,L
34344_5.png,u,W,u,N
34356_5.png,u,1,u,I
34410_4.png,u,0,u,O
34543_2.png,u,7,u,Z
34543_3.png,r,C,r,G
34589_4.png,u,4,u,5
34617_4.png,r,L,r,E
34637_5.png,u,3,u,2
34638_1.png,r,L,u,L
34696_5.png,r,I,r,T
34759_1.png,u,3,u,5
34800_3.png,r,T,r,I
34809_2.png,u,A,u,K
34835_2.png,r,9,r,D
34837_1.png,u,8,u,P
34853_1.png,r,8,r,S
34853_3.png,u,0,u,O
34928_2.png,u,O,u,0
34980_5.png,r,0,r,O
35001_5.png,u,H,u,M
35039_2.png,u,I,u,L
35043_4.png,r,G,u,G
35114_1.png,u,V,u,I
35117_1.png,u,0,u,O
35208_3.png,r,9,r,8
35228_1.png,r,I,r,1
35284_4.png,r,U,r,9
35348_5.png,u,R,u,H
35349_3.png,u,R,u,A
35351_5.png,u,B,u,P
35360_1.png,u,7,u,1
35376_1.png,u,Q,u,O
35379_4.png,r,G,r,C
35384_4.png,u,1,u,I
35422_5.png,u,P,u,B
35509_4.png,u,1,u,I
35530_2.png,u,S,u,5
35593_5.png,r,0,r,Q
35681_1.png,u,0,u,O
35719_2.png,r,I,r,L
35723_3.png,u,H,u,8
35758_3.png,u,T,u,Z
35784_1.png,u,7,u,K
35818_5.png,u,1,r,5
35980_5.png,r,G,r,O
35986_1.png,u,G,u,C
35996_1.png,u,0,u,O
36035_5.png,u,6,u,8
36040_4.png,u,Q,u,O
36070_2.png,u,O,u,0
36079_4.png,u,I,u,F
36219_5.png,u,K,u,7
36241_1.png,u,F,u,E
36246_1.png,u,7,u,T
36297_2.png,u,I,u,L
36318_4.png,r,T,r,I
36371_1.png,u,0,u,O
36464_1.png,u,F,u,E
36493_4.png,u,I,u,T
36513_5.png,r,F,u,F
36566_5.png,r,S,r,3
36588_4.png,u,I,u,1
36612_5.png,u,2,r,2
36642_4.png,u,I,u,L
36665_1.png,u,Q,r,Q
36734_2.png,u,G,u,C
36785_1.png,r,O,r,0
36788_5.png,u,V,u,I
36864_4.png,u,7,u,Z
36931_5.png,r,I,r,1
36982_1.png,r,Z,u,Z
36991_3.png,u,Z,u,2
37042_1.png,u,0,u,O
37070_5.png,r,6,r,5
37071_4.png,u,Q,u,0
37074_3.png,u,A,u,X
37093_3.png,r,Z,r,7
37112_3.png,r,Y,r,K
37117_2.png,u,C,u,S
37122_1.png,u,R,u,B
37158_5.png,u,1,u,L
37179_5.png,u,U,u,O
37237_4.png,r,G,r,0
37271_1.png,u,Y,u,X
37281_1.png,u,8,u,5
37292_5.png,u,5,u,T
37392_5.png,u,O,u,G
37412_3.png,u,1,u,L
37451_1.png,u,I,u,1
37601_1.png,u,Q,u,O
37606_3.png,r,C,r,G
37616_3.png,r,0,r,O
37621_2.png,u,5,u,8
37673_1.png,r,7,r,T
37731_3.png,r,K,r,N
37753_5.png,u,E,u,W
37840_3.png,u,J,u,3
37850_5.png,r,J,r,I
37860_2.png,r,F,r,B
37866_3.png,u,Q,u,O
37892_5.png,u,0,u,O
37968_1.png,r,C,r,G
37982_3.png,u,B,u,F
38083_5.png,r,I,r,1
38087_5.png,u,K,u,M
38121_5.png,u,1,u,T
38166_1.png,u,0,u,O
38192_3.png,u,7,u,Z
38257_1.png,r,P,u,P
38280_2.png,u,5,u,J
38368_2.png,u,G,u,C
38474_2.png,r,1,r,I
38501_2.png,u,7,u,Z
38507_2.png,u,3,u,2
38540_5.png,u,1,u,7
38549_5.png,r,T,u,T
38600_2.png,u,J,r,J
38633_3.png,r,U,r,0
38673_4.png,u,J,u,I
38682_2.png,u,O,u,6
38717_5.png,u,6,u,5
38772_5.png,r,C,u,C
38865_4.png,u,7,u,2
38943_1.png,u,Q,u,O
39010_1.png,r,I,r,L
39035_1.png,u,F,u,P
39116_3.png,r,U,u,U
39260_4.png,u,6,u,0
39270_2.png,u,W,u,Y
39275_2.png,u,0,u,O
39287_1.png,u,0,u,O
39376_5.png,u,2,u,Z
39466_5.png,u,U,u,W
39496_3.png,r,0,r,O
39518_1.png,r,Q,r,O
39539_5.png,u,3,u,J
39543_5.png,u,F,u,E
39592_4.png,u,0,u,O
39606_2.png,u,1,u,I
39636_3.png,u,1,u,I
39678_1.png,u,F,u,E
39706_5.png,u,D,u,0
39714_4.png,u,O,u,0
39715_3.png,u,4,u,A
39806_4.png,r,K,r,L
39849_2.png,r,0,r,O
39917_5.png,r,9,r,D
39929_4.png,u,2,u,Q
39934_2.png,u,Q,u,O
39943_2.png,r,O,r,0
40014_2.png,u,A,u,2
40044_1.png,u,V,u,6
40141_3.png,u,B,u,D
40153_3.png,r,7,r,I
40213_5.png,r,6,r,5
40244_1.png,u,F,u,E
40327_5.png,u,J,u,U
40340_5.png,u,X,u,D
40525_4.png,r,E,r,B
40581_4.png,r,G,u,G
40582_4.png,u,B,u,R
40608_2.png,r,B,r,8
40612_5.png,r,V,r,W
40648_3.png,u,Q,u,9
40708_2.png,u,7,u,1
40758_2.png,u,U,u,J
40758_5.png,u,P,u,R
40784_5.png,u,F,u,P
40807_2.png,u,L,u,1
40833_4.png,r,9,r,S
40835_5.png,u,A,u,4
40841_3.png,u,I,u,V
40879_2.png,r,B,r,0
40911_3.png,u,1,u,4
40930_4.png,r,0,r,9
40934_2.png,u,G,u,C
40943_3.png,u,J,u,U
40973_5.png,u,J,u,1
41018_4.png,u,Z,u,C
41026_4.png,u,Y,u,X
41102_5.png,r,5,r,F
41184_1.png,u,0,u,9
41195_3.png,u,D,r,D
41199_4.png,r,1,r,T
41235_2.png,u,8,u,P
41253_2.png,r,H,r,B
41265_2.png,u,I,u,T
41354_3.png,u,1,u,I
41394_2.png,r,L,r,J
41394_3.png,r,E,r,F
41395_1.png,r,4,r,M
41419_1.png,u,3,u,2
41477_1.png,u,N,u,W
41482_4.png,u,F,u,E
41489_5.png,r,J,u,J
41493_3.png,r,F,r,E
41527_2.png,u,3,r,3
41607_3.png,u,O,u,0
41615_4.png,u,C,u,G
41650_5.png,r,0,r,O
41683_2.png,r,A,r,4
41758_2.png,u,6,u,8
41948_1.png,u,0,u,D
41975_3.png,u,F,u,E
41978_5.png,r,F,r,E
42012_2.png,u,O,u,0
42109_4.png,u,N,u,W
42122_4.png,r,D,r,0
42128_5.png,u,0,u,O
42168_4.png,u,F,u,E
42183_1.png,r,0,r,O
42185_2.png,u,7,u,1
42203_5.png,r,F,r,E
42238_1.png,u,I,u,J
42261_1.png,u,T,u,F
42354_4.png,u,O,u,0
42431_5.png,r,O,u,O
42485_2.png,u,I,u,1
42581_1.png,u,8,u,3
42617_5.png,u,7,u,1
42637_4.png,r,V,r,X
42647_2.png,r,F,r,P
42647_3.png,r,C,r,6
42669_4.png,r,I,r,1
42688_4.png,r,5,r,4
42743_4.png,u,Q,u,O
42751_4.png,u,M,u,K
42761_4.png,r,O,r,0
42786_1.png,u,B,u,H
42906_4.png,r,6,r,0
42911_5.png,r,7,r,I
42952_1.png,u,H,u,W
43025_3.png,u,1,u,2
43037_5.png,u,0,u,O
43077_3.png,u,N,u,W
43089_4.png,u,L,u,U
43091_4.png,u,K,r,K
43106_5.png,u,T,u,I
43151_2.png,u,0,u,O
43228_1.png,r,J,r,U
43241_2.png,r,0,r,U
43264_5.png,r,0,r,O
43449_1.png,u,B,u,5
43450_1.png,r,1,r,Y
43462_5.png,r,L,r,I
43464_4.png,u,E,u,F
43554_5.png,r,L,u,L
43574_5.png,u,1,u,L
43578_4.png,r,0,r,O
43597_5.png,u,I,u,J
43603_2.png,r,0,r,O
43616_3.png,u,I,u,Y
43728_2.png,r,G,r,C
43810_5.png,r,E,u,E
43852_3.png,r,I,r,L
43862_5.png,u,5,u,6
43870_4.png,r,Y,r,T
43877_4.png,r,O,r,0
43922_5.png,u,3,u,9
43957_4.png,r,U,r,D
43959_5.png,u,O,u,Q
43961_2.png,r,6,r,0
43961_3.png,r,Q,r,P
43982_3.png,u,R,u,P
44025_2.png,u,I,r,U
44111_5.png,u,I,u,L
44142_5.png,u,K,u,R
44169_2.png,r,B,u,R
44244_1.png,r,0,r,O
44248_1.png,r,0,r,O
44275_3.png,u,F,u,P
44278_4.png,u,T,u,E
44330_3.png,u,R,u,B
44395_4.png,u,A,u,P
44467_3.png,r,5,r,S
44520_5.png,u,N,u,W
44532_3.png,r,4,r,1
44604_3.png,u,7,u,B
44620_5.png,u,Y,u,U
44683_4.png,u,1,u,T
44818_4.png,u,V,u,5
44835_3.png,r,Q,r,2
44851_2.png,u,F,u,E
45079_4.png,u,8,u,C
45142_2.png,u,W,u,T
45154_2.png,u,B,u,7
45196_1.png,u,L,u,I
45218_3.png,r,I,r,F
45294_4.png,u,G,u,C
45328_4.png,u,J,u,1
45349_4.png,r,0,r,8
45417_3.png,r,Q,r,O
45418_1.png,u,O,u,6
45419_4.png,u,3,u,5
45448_1.png,r,6,r,A
45498_4.png,u,D,u,B
45543_2.png,r,0,r,O
45558_3.png,u,0,u,O
45563_3.png,u,N,u,K
45573_2.png,u,7,r,7
45581_4.png,u,0,u,O
45626_4.png,u,I,u,T
45692_4.png,u,O,u,0
45767_2.png,r,5,r,3
45821_4.png,u,7,u,Z
45821_5.png,u,T,u,1
45848_3.png,u,6,u,8
45871_3.png,u,C,u,G
45885_5.png,u,J,u,3
45891_1.png,u,U,u,0
45901_1.png,u,V,u,N
45913_4.png,u,O,u,0
46044_1.png,r,0,r,9
46048_5.png,u,6,u,G
46064_4.png,r,5,u,5
46071_4.png,u,0,u,O
46087_3.png,r,T,r,R
46155_5.png,u,3,u,Z
46203_2.png,u,O,u,0
46277_4.png,u,O,u,0
46385_2.png,r,O,r,0
46413_2.png,r,3,r,S
46445_4.png,u,S,u,6
46483_5.png,r,Z,r,2
46506_3.png,u,M,u,W
46524_5.png,r,S,r,6
46542_1.png,r,J,r,V
46654_2.png,u,J,u,U
46662_2.png,u,P,u,D
46676_2.png,u,B,u,D
46696_4.png,u,1,u,I
46722_5.png,u,0,u,O
46749_5.png,u,1,u,7
46782_1.png,u,W,u,N
46783_3.png,u,J,u,3
46815_3.png,r,N,r,W
46835_4.png,u,0,u,O
46845_3.png,u,P,u,D
46869_2.png,u,8,u,R
47021_4.png,u,1,u,I
47070_3.png,u,9,u,0
47128_3.png,u,G,u,C
47133_5.png,u,N,u,W
47161_4.png,u,0,u,O
47196_5.png,u,L,u,V
47198_3.png,u,O,u,D
47201_2.png,r,3,r,2
47274_5.png,r,Q,u,Q
47359_5.png,r,1,r,7
47371_1.png,u,V,u,I
47490_4.png,u,0,u,3
47493_5.png,u,T,u,L
47501_1.png,r,4,r,A
47581_4.png,u,M,u,N
47590_4.png,u,V,u,Y
47592_3.png,u,8,u,4
47690_1.png,r,0,r,O
47755_2.png,r,I,r,J
47805_2.png,r,F,r,E
47828_2.png,r,I,r,1
47857_4.png,u,1,u,I
47875_5.png,u,O,u,9
47966_1.png,u,F,u,E
48066_2.png,r,X,r,K
48138_4.png,r,G,r,C
48139_2.png,u,T,u,X
48190_1.png,u,P,u,F
48235_1.png,r,0,r,D
48236_5.png,r,L,r,U
48237_3.png,u,H,u,B
48289_2.png,u,C,u,G
48322_2.png,u,I,u,E
48328_3.png,r,I,r,4
48328_4.png,r,4,r,1
48350_1.png,u,F,u,E
48373_2.png,u,5,u,F
48423_2.png,r,5,r,S
48474_2.png,r,X,r,Y
48487_5.png,u,J,u,D
48548_5.png,u,4,u,9
48602_5.png,u,8,u,G
48716_2.png,u,I,u,L
48745_3.png,u,Q,u,O
48870_2.png,r,0,r,U
48873_4.png,u,R,u,B
48916_5.png,u,V,u,J
48929_2.png,r,Y,r,X
48939_2.png,u,I,u,T
49044_3.png,u,0,u,O
49101_2.png,r,V,r,U
49145_2.png,u,L,u,I
49202_4.png,r,I,r,T
49224_1.png,u,J,u,5
49228_5.png,u,0,u,U
49277_5.png,u,U,u,N
49317_5.png,u,5,u,8
49504_3.png,u,O,u,0
49523_2.png,r,I,r,T
49638_2.png,r,1,r,I
49719_4.png,u,H,u,W
49719_5.png,r,Z,r,E
49974_3.png,r,H,r,N
